-- MySQL dump 10.13  Distrib 5.7.18, for Win32 (AMD64)
--
-- Host: 127.0.0.1    Database: epmprojbank
-- ------------------------------------------------------
-- Server version	5.1.49-community

/*!40101 SET @OLD_CHARACTER_SET_CLIENT=@@CHARACTER_SET_CLIENT */;
/*!40101 SET @OLD_CHARACTER_SET_RESULTS=@@CHARACTER_SET_RESULTS */;
/*!40101 SET @OLD_COLLATION_CONNECTION=@@COLLATION_CONNECTION */;
/*!40101 SET NAMES utf8 */;
/*!40103 SET @OLD_TIME_ZONE=@@TIME_ZONE */;
/*!40103 SET TIME_ZONE='+00:00' */;
/*!40014 SET @OLD_UNIQUE_CHECKS=@@UNIQUE_CHECKS, UNIQUE_CHECKS=0 */;
/*!40014 SET @OLD_FOREIGN_KEY_CHECKS=@@FOREIGN_KEY_CHECKS, FOREIGN_KEY_CHECKS=0 */;
/*!40101 SET @OLD_SQL_MODE=@@SQL_MODE, SQL_MODE='NO_AUTO_VALUE_ON_ZERO' */;
/*!40111 SET @OLD_SQL_NOTES=@@SQL_NOTES, SQL_NOTES=0 */;

--
-- Table structure for table `accounts`
--

DROP TABLE IF EXISTS `accounts`;
/*!40101 SET @saved_cs_client     = @@character_set_client */;
/*!40101 SET character_set_client = utf8 */;
CREATE TABLE `accounts` (
  `id_account` int(11) NOT NULL AUTO_INCREMENT,
  `number` bigint(20) DEFAULT NULL,
  `is_blocked` tinyint(1) DEFAULT '0',
  `balance` decimal(9,2) DEFAULT '0.00',
  `client_id` int(11) NOT NULL,
  PRIMARY KEY (`id_account`),
  UNIQUE KEY `accounts_id_account_uindex` (`id_account`),
  KEY `fk_accounts_clients1_idx` (`client_id`),
  CONSTRAINT `fk_accounts_clients1` FOREIGN KEY (`client_id`) REFERENCES `clients` (`id_client`) ON DELETE NO ACTION ON UPDATE NO ACTION
) ENGINE=InnoDB AUTO_INCREMENT=1656 DEFAULT CHARSET=cp1251;
/*!40101 SET character_set_client = @saved_cs_client */;

--
-- Dumping data for table `accounts`
--

LOCK TABLES `accounts` WRITE;
/*!40000 ALTER TABLE `accounts` DISABLE KEYS */;
INSERT INTO `accounts` VALUES (1,26206432082001,1,0.00,1),(2,26003654789987,0,0.00,2),(3,263014528796,0,0.00,3),(4,262536521478,0,0.00,9),(9,26253652147889,0,0.00,72),(10,26253652147889,0,0.00,6),(24,26253652147891,0,0.00,5),(76,26253652147894,1,0.00,73),(78,26253652147896,0,0.00,74),(87,26253652147900,0,0.00,82),(88,26253652147901,0,0.00,83),(89,26253652147902,0,0.00,84),(90,26253652147903,0,0.00,85),(91,26253652147904,0,0.00,86),(92,26253652147905,0,0.00,87),(93,26253652147906,0,0.00,89),(94,26253652147907,1,0.00,1),(1637,26253652147908,0,0.00,1),(1638,26253652147909,0,0.00,1),(1639,26253652147910,0,0.00,1),(1640,26253652147911,0,0.00,1),(1641,26253652147912,0,0.00,1),(1642,26253652147913,0,0.00,1),(1643,26253652147914,0,0.00,1),(1644,26253652147915,1,0.00,1),(1645,26253652147916,1,0.00,1),(1646,26253652147917,0,0.00,1),(1647,26253652147918,0,0.00,1),(1648,26253652147919,0,0.00,1),(1649,26253652147920,0,0.00,1),(1650,26253652147921,0,0.00,1),(1651,26253652147922,0,0.00,1),(1652,26253652147923,1,0.00,1),(1653,26253652147924,1,0.00,1),(1654,26253652147925,1,0.00,90),(1655,26253652147926,1,0.00,90);
/*!40000 ALTER TABLE `accounts` ENABLE KEYS */;
UNLOCK TABLES;

--
-- Table structure for table `cards`
--

DROP TABLE IF EXISTS `cards`;
/*!40101 SET @saved_cs_client     = @@character_set_client */;
/*!40101 SET character_set_client = utf8 */;
CREATE TABLE `cards` (
  `id_card` bigint(20) NOT NULL AUTO_INCREMENT,
  `number` decimal(16,0) DEFAULT NULL,
  `exp_date` date DEFAULT NULL,
  `fee_id` int(11) NOT NULL,
  `account_id` int(11) NOT NULL,
  PRIMARY KEY (`id_card`,`fee_id`,`account_id`),
  KEY `fk_cards_fees1_idx` (`fee_id`),
  KEY `fk_cards_accounts1_idx` (`account_id`),
  CONSTRAINT `fk_cards_accounts1` FOREIGN KEY (`account_id`) REFERENCES `accounts` (`id_account`) ON DELETE NO ACTION ON UPDATE NO ACTION,
  CONSTRAINT `fk_cards_fees1` FOREIGN KEY (`fee_id`) REFERENCES `fees` (`id_fee`) ON DELETE NO ACTION ON UPDATE NO ACTION
) ENGINE=InnoDB AUTO_INCREMENT=2090 DEFAULT CHARSET=cp1251;
/*!40101 SET character_set_client = @saved_cs_client */;

--
-- Dumping data for table `cards`
--

LOCK TABLES `cards` WRITE;
/*!40000 ALTER TABLE `cards` DISABLE KEYS */;
INSERT INTO `cards` VALUES (1,5555444433332222,'2017-10-31',1,1),(2,4444444444444444,'2020-10-25',1,1),(3,2,'0473-12-29',0,0),(4,6,'1025-11-23',0,0),(5,8,'0001-01-01',0,0),(6,1,'1240-02-10',0,0),(7,3,'1682-05-14',0,0),(8,4,'1491-07-28',0,0),(9,7,'0631-10-27',0,0),(11,4444555566667777,'2017-06-30',1,9),(24,4444555566667777,'2019-04-30',2,2),(25,4444555506045857,'2019-04-30',2,9),(26,4444555527188827,'2019-04-30',2,2),(27,4444555573106871,'2019-04-30',2,2),(28,4444555566667777,NULL,1,1),(29,4444555575600910,'2019-05-31',2,2),(30,4444555543078418,'2019-05-31',2,2),(31,4444555536019194,'2019-05-31',2,2),(32,4444555518002778,'2019-05-31',2,2),(34,4444555525855207,'2019-05-31',2,87),(35,4444555528168018,'2019-05-31',2,87),(2051,4444505035637256,'2019-05-31',1,87),(2052,4444505085175914,'2019-05-31',1,87),(2053,4444505022673219,'2019-05-31',1,87),(2054,4444505052287511,'2019-05-31',1,87),(2055,4444505034810868,'2019-05-31',1,87),(2056,4444505024304170,'2019-05-31',1,87),(2057,4444505045124623,'2019-05-31',1,87),(2058,4444505002998743,'2019-05-31',1,87),(2059,4444505083734948,'2019-05-31',3,78),(2060,4444505066618305,'2019-05-31',3,78),(2061,4444505048966662,'2019-05-31',3,78),(2062,4444505067012463,'2019-05-31',3,78),(2063,4444505015365472,'2019-05-31',3,78),(2064,4444505055309206,'2019-05-31',2,9),(2065,4444505008256738,'2019-05-31',2,9),(2066,4444505087676798,'2019-05-31',2,9),(2067,4444505045127886,'2019-05-31',2,9),(2068,4444505064428538,'2019-05-31',2,9),(2069,4444505062995893,'2019-05-31',2,9),(2070,4444505054495697,'2019-05-31',2,9),(2071,4444505033426154,'2019-05-31',2,9),(2072,4444505000281060,'2019-05-31',3,78),(2073,4444505076728149,'2019-05-31',3,78),(2074,4444505033753402,'2019-05-31',3,78),(2075,4444505036497578,'2019-05-31',3,78),(2076,4444505016931026,'2019-05-31',3,78),(2077,4444505036084922,'2019-05-31',1,76),(2078,4444505012911363,'2019-05-31',1,76),(2079,4444505004939302,'2019-05-31',1,93),(2080,4444505004276447,'2019-05-31',1,3),(2081,4444505059381429,'2019-05-31',1,24),(2082,4444505011334965,'2019-05-31',1,2),(2083,4444505047176993,'2019-05-31',1,2),(2084,4444505053681691,'2019-05-31',1,2),(2085,4444505013570363,'2019-05-31',1,24),(2086,4444505083657002,'2019-05-31',1,24),(2087,4444505040448996,'2019-05-31',1,24),(2088,4444505059761771,'2019-05-31',1,24),(2089,4444505052178906,'2019-05-31',1,24);
/*!40000 ALTER TABLE `cards` ENABLE KEYS */;
UNLOCK TABLES;

--
-- Table structure for table `clients`
--

DROP TABLE IF EXISTS `clients`;
/*!40101 SET @saved_cs_client     = @@character_set_client */;
/*!40101 SET character_set_client = utf8 */;
CREATE TABLE `clients` (
  `id_client` int(11) NOT NULL AUTO_INCREMENT,
  `name` varchar(42) DEFAULT NULL,
  `email` varchar(50) DEFAULT NULL,
  `password` varchar(32) DEFAULT NULL,
  `role` bigint(20) DEFAULT NULL,
  `fee_id` int(11) DEFAULT NULL,
  PRIMARY KEY (`id_client`),
  UNIQUE KEY `clients_email_uindex` (`email`),
  KEY `id_fee` (`fee_id`),
  CONSTRAINT `id_fee` FOREIGN KEY (`fee_id`) REFERENCES `fees` (`id_fee`)
) ENGINE=InnoDB AUTO_INCREMENT=91 DEFAULT CHARSET=cp1251;
/*!40101 SET character_set_client = @saved_cs_client */;

--
-- Dumping data for table `clients`
--

LOCK TABLES `clients` WRITE;
/*!40000 ALTER TABLE `clients` DISABLE KEYS */;
INSERT INTO `clients` VALUES (1,'Ton Chief','1@1.1','1',0,1),(2,'Alex Mike','6@2.2','6',10,1),(3,'Greg Tripple','com@com.com ','3',9,1),(5,'NPUBJX5SLIPL4 ','3SUT2YN8V1SEPWC6IB43GQP ','FOR8EYNN ',10,1),(6,'6FD0BU6AM57 H3BOJIG5XSLV','HO6Q7Q7KDX  9D1','HL0CHUA',8,1),(9,'SJYKU5S4BSPKTUNIG3G CSFB3','WSLL04A17RXD2K2NRTJ26VFN ','56544645',0,1),(72,'Alex Deem','alewxtoo@yahoo.eu','1',22,2),(73,'Gary Tream','noemail','1',10,1),(74,'Gary Tream','noexis@t.ant','1',0,3),(82,'Anton Shevchenko','2@2.2','2',999,1),(83,'New User','noemail@yahoo.com','n',0,4),(84,'qwueyr ouiy oi','sad@mad.com','s',0,3),(85,'???????°???????????µ ????\'??','poshta@mail.ukr.net','p',10,3),(86,'Русский','1111@111.222','1',0,1),(87,'? ???????????? 2','1111@111.2223','1',0,1),(89,'Руск','2@2.22','2',10,1),(90,'Василий Безфамильный','8@88.com','8',0,4);
/*!40000 ALTER TABLE `clients` ENABLE KEYS */;
UNLOCK TABLES;

--
-- Table structure for table `fees`
--

DROP TABLE IF EXISTS `fees`;
/*!40101 SET @saved_cs_client     = @@character_set_client */;
/*!40101 SET character_set_client = utf8 */;
CREATE TABLE `fees` (
  `id_fee` int(11) NOT NULL AUTO_INCREMENT,
  `name` varchar(20) DEFAULT NULL,
  `trans_fee` double DEFAULT NULL,
  `newcard_fee` double DEFAULT NULL,
  `apr` double DEFAULT NULL,
  PRIMARY KEY (`id_fee`)
) ENGINE=InnoDB AUTO_INCREMENT=6 DEFAULT CHARSET=cp1251;
/*!40101 SET character_set_client = @saved_cs_client */;

--
-- Dumping data for table `fees`
--

LOCK TABLES `fees` WRITE;
/*!40000 ALTER TABLE `fees` DISABLE KEYS */;
INSERT INTO `fees` VALUES (1,'Visa Debet ',5.5,0,-10),(2,'Visa Classic',2,20,48),(3,'Visa Gold  ',1,200,36),(4,'Visa Infinite',0,1000,30),(5,'MC Gold',1,20,36);
/*!40000 ALTER TABLE `fees` ENABLE KEYS */;
UNLOCK TABLES;

--
-- Table structure for table `transactions`
--

DROP TABLE IF EXISTS `transactions`;
/*!40101 SET @saved_cs_client     = @@character_set_client */;
/*!40101 SET character_set_client = utf8 */;
CREATE TABLE `transactions` (
  `id_trans` int(11) NOT NULL AUTO_INCREMENT,
  `cr_account` bigint(20) DEFAULT NULL,
  `amount` decimal(9,2) DEFAULT NULL,
  `date` date DEFAULT NULL,
  `description` varchar(128) DEFAULT NULL,
  `account_id` int(11) NOT NULL,
  PRIMARY KEY (`id_trans`,`account_id`),
  KEY `fk_transactions_accounts1_idx` (`account_id`),
  CONSTRAINT `fk_transactions_accounts1` FOREIGN KEY (`account_id`) REFERENCES `accounts` (`id_account`) ON DELETE NO ACTION ON UPDATE NO ACTION
) ENGINE=InnoDB AUTO_INCREMENT=11 DEFAULT CHARSET=cp1251;
/*!40101 SET character_set_client = @saved_cs_client */;

--
-- Dumping data for table `transactions`
--

LOCK TABLES `transactions` WRITE;
/*!40000 ALTER TABLE `transactions` DISABLE KEYS */;
INSERT INTO `transactions` VALUES (1,5,0.00,'1373-09-02',NULL,0),(5,4,8.00,'1491-02-17',NULL,0),(6,9,5.00,'0615-09-25',NULL,0),(8,1,1.00,'0207-02-09',NULL,0),(9,8,3.00,'0800-02-05',NULL,0),(10,3,9.00,'1663-04-20',NULL,0);
/*!40000 ALTER TABLE `transactions` ENABLE KEYS */;
UNLOCK TABLES;
/*!40103 SET TIME_ZONE=@OLD_TIME_ZONE */;

/*!40101 SET SQL_MODE=@OLD_SQL_MODE */;
/*!40014 SET FOREIGN_KEY_CHECKS=@OLD_FOREIGN_KEY_CHECKS */;
/*!40014 SET UNIQUE_CHECKS=@OLD_UNIQUE_CHECKS */;
/*!40101 SET CHARACTER_SET_CLIENT=@OLD_CHARACTER_SET_CLIENT */;
/*!40101 SET CHARACTER_SET_RESULTS=@OLD_CHARACTER_SET_RESULTS */;
/*!40101 SET COLLATION_CONNECTION=@OLD_COLLATION_CONNECTION */;
/*!40111 SET SQL_NOTES=@OLD_SQL_NOTES */;

-- Dump completed on 2017-06-06 18:12:15
